{
  "training_samples": 3289,
  "test_samples": 823,
  "features": 520,
  "test_accuracy": 0.5164034021871203,
  "test_r2": -0.0429595746721434,
  "test_mae": 1.8968327663021467,
  "test_rmse": 2.2375122650239736,
  "class_distribution": {
    "Easy": 613,
    "Medium": 1124,
    "Hard": 1552
  }
}