{
  "training_samples": 4656,
  "test_samples": 823,
  "features": 2020,
  "test_accuracy": 0.528554070473876,
  "test_r2": -0.08399219546522296,
  "test_mae": 1.9274088501224493,
  "test_rmse": 2.2811023114416478,
  "class_distribution": {
    "Easy": 1552,
    "Medium": 1552,
    "Hard": 1552
  }
}